city-city,dist,label,sum_gdp
Paris-Madrid,1054.2206353287122,Par-Mad-dir,973.1
Paris-Milan,643.0229493462349,Par-Mil-dir,955.8
Paris-Munich,687.4289556766952,Par-Mun-dir,936.9
Paris-Berlin,880.1220118488678,Par-Ber-dir,935.3
Paris-Amsterdam,428.39172758992953,Par-Ams-dir,924.7
Paris-Dortmund,470.1237855871516,Par-Dor-dir,910.4
Paris-Rome,1108.1927290162203,Par-Rom-dir,907.3
Paris-Hamburg,746.5469809389934,Par-Ham-dir,904.7
Paris-Stuttgart,504.2785214173566,Par-Stu-dir,897.7
Paris-Frankfurt,479.4509998778179,Par-Fra-dir,894.2
Paris-Stockholm,1549.2891494547255,Par-Sto-dir,889.8
Paris-Brussels,261.76794515586585,Par-Bru-dir,889.7
Paris-Vienna,1037.5263746075443,Par-Vie-dir,874.2
Paris-Lisbon,1453.915618536448,Par-Lis-dir,852.8
Paris-Marseille,662.8718230789962,Par-Mar-dir,843.2
Paris-Cologne,403.21546376354434,Par-Col-dir,839.9
Paris-Helsinki,1913.064294477804,Par-Hel-dir,831.5
Paris-Lyon,392.5728724882038,Par-Lyo-dir,830.8
Paris-Düsseldorf,412.13958196175776,Par-Düs-dir,828.3
Paris-Warsaw,1370.8305434249735,Par-War-dir,826.9
Paris-Rotterdam,372.31722912169107,Par-Rot-dir,823.9
Paris-Prague,888.5874532933881,Par-Pra-dir,823.6
Paris-Lille,205.50758846188836,Par-Lil-dir,823.5
Paris-Turin,585.4094464437643,Par-Tur-dir,817.7
Paris-Utrecht,410.29676912578736,Par-Utr-dir,813.9
Paris-Budapest,1252.1348247691296,Par-Bud-dir,811.4
Paris-Toulouse,587.160363437951,Par-Tou-dir,801.0
Paris-Bordeaux,499.15133422643027,Par-Bor-dir,801.0
Paris-Bucharest,1876.241728494663,Par-Buc-dir,801.0
Paris-Malmö,1043.244739179349,Par-Mal-dir,796.0
Paris-Nantes,345.6236802294379,Par-Nan-dir,793.1
Paris-The Hague,382.783486815751,Par-The-dir,791.9
Paris-Bremen,652.1232012775387,Par-Bre-dir,791.1
Paris-Bonn,399.03671966033545,Par-Bon-dir,785.6
Paris-Dresden,853.512409822082,Par-Dre-dir,785.0
Paris-Bologna,842.1669930891557,Par-Bol-dir,784.1
Paris-London,341.8783504361983,Par-Lon-dir,1543.7
Paris-Valencia,1066.7031646408977,Par-Val-dir,801.1
Paris-Naples,1296.7883511336202,Par-Nap-dir,802.3
Paris-Dublin,780.8025052651757,Par-Dub-dir,901.2
Paris-Athens,2101.0067447463075,Par-Ath-dir,823.9
Paris-Barcelona,831.2270937183603,Par-Bar-dir,913.4
Paris-Gothenburg,1172.8653738706853,Par-Got-dir,821.2
Paris-Nuremburg,639.7472495539012,Par-Nur-dir,807.9
Paris-Braunschweig,691.5923746495799,Par-Bra-dir,800.8
Paris-Hanover,652.6126206007897,Par-Han-dir,799.0
Paris-Antwerp,300.603281981644,Par-Ant-dir,795.6
Paris-Brescia,701.8104896721467,Par-Bre-dir,785.3
Madrid-Milan,1191.2872822339975,Mad-Mil-dir,444.9
Madrid-Munich,1486.2955056108592,Mad-Mun-dir,426.0
Madrid-Berlin,1871.7316834419983,Mad-Ber-dir,424.4
Madrid-Amsterdam,1481.542258526469,Mad-Ams-dir,413.8
Madrid-Dortmund,1504.5683783941217,Mad-Dor-dir,399.5
Madrid-Rome,1365.1557413989822,Mad-Rom-dir,396.4
Madrid-Hamburg,1788.0436524628221,Mad-Ham-dir,393.8
Madrid-Stuttgart,1379.8997239712594,Mad-Stu-dir,386.8
Madrid-Frankfurt,1446.4352199982588,Mad-Fra-dir,383.3
Madrid-Stockholm,2599.80340123646,Mad-Sto-dir,378.9
Madrid-Brussels,1315.596454233931,Mad-Bru-dir,378.8
Madrid-Vienna,1811.9003234935124,Mad-Vie-dir,363.3
Madrid-Lisbon,504.8178933567692,Mad-Lis-dir,341.9
Madrid-Marseille,817.3346042314595,Mad-Mar-dir,332.3
Madrid-Cologne,1430.8369311539598,Mad-Col-dir,329.0
Madrid-Helsinki,2953.716851501191,Mad-Hel-dir,320.6
Madrid-Lyon,913.6472783797027,Mad-Lyo-dir,319.9
Madrid-Düsseldorf,1448.565458017255,Mad-Düs-dir,317.4
Madrid-Warsaw,2294.156097443881,Mad-War-dir,316.0
Madrid-Rotterdam,1425.178210934166,Mad-Rot-dir,313.0
Madrid-Prague,1777.7439106349036,Mad-Pra-dir,312.7
Madrid-Lille,1254.4723164598781,Mad-Lil-dir,312.6
Madrid-Turin,1063.2484424057907,Mad-Tur-dir,306.8
Madrid-Utrecht,1464.4412479697555,Mad-Utr-dir,303.0
Madrid-Budapest,1981.0604444178148,Mad-Bud-dir,300.5
Madrid-Toulouse,555.4316481384044,Mad-Tou-dir,290.1
Madrid-Bordeaux,555.3584101115479,Mad-Bor-dir,290.1
Madrid-Bucharest,2477.6630229930915,Mad-Buc-dir,290.1
Madrid-Malmö,2087.406233874257,Mad-Mal-dir,285.1
Madrid-Nantes,774.9514244745634,Mad-Nan-dir,282.2
Madrid-The Hague,1433.727832707841,Mad-The-dir,281.0
Madrid-Bremen,1696.5957011771743,Mad-Bre-dir,280.2
Madrid-Bonn,1418.6845252495489,Mad-Bon-dir,274.7
Madrid-Dresden,1792.579018154075,Mad-Dre-dir,274.1
Madrid-Bologna,1314.8143419606504,Mad-Bol-dir,273.2
Madrid-London,1264.8340715217157,Mad-Lon-dir,1032.8
Madrid-Valencia,301.381327679817,Mad-Val-dir,290.2
Madrid-Naples,1520.3004562832662,Mad-Nap-dir,291.4
Madrid-Dublin,1452.5541778045715,Mad-Dub-dir,390.3
Madrid-Athens,2373.7791734654916,Mad-Ath-dir,313.0
Madrid-Barcelona,504.0430335257964,Mad-Bar-dir,402.5
Madrid-Gothenburg,2227.077685494512,Mad-Got-dir,310.3
Madrid-Nuremburg,1534.1886493696434,Mad-Nur-dir,297.0
Madrid-Braunschweig,1706.8861419048726,Mad-Bra-dir,289.9
Madrid-Hanover,1678.5096499558765,Mad-Han-dir,288.1
Madrid-Antwerp,1354.820980769654,Mad-Ant-dir,284.7
Madrid-Brescia,1266.9798286552416,Mad-Bre-dir,274.4
Milan-Munich,346.6139182488094,Mil-Mun-dir,408.7
Milan-Berlin,841.84440163032,Mil-Ber-dir,407.1
Milan-Amsterdam,826.7935073928985,Mil-Ams-dir,396.5
Milan-Dortmund,685.9422499645041,Mil-Dor-dir,382.2
Milan-Rome,476.9252571641851,Mil-Rom-dir,379.1
Milan-Hamburg,900.4846786278023,Mil-Ham-dir,376.5
Milan-Stuttgart,367.7678346683137,Mil-Stu-dir,369.5
Milan-Frankfurt,516.0907431324617,Mil-Fra-dir,366.0
Milan-Stockholm,1655.4264527489445,Mil-Sto-dir,361.6
Milan-Brussels,697.5239616622745,Mil-Bru-dir,361.5
Milan-Vienna,624.6105193492455,Mil-Vie-dir,346.0
Milan-Lisbon,1687.5389271182187,Mil-Lis-dir,324.6
Milan-Marseille,389.58234977486984,Mil-Mar-dir,315.0
Milan-Cologne,629.756152161677,Mil-Col-dir,311.7
Milan-Helsinki,1938.8585844123495,Mil-Hel-dir,303.3
Milan-Lyon,342.78286276713493,Mil-Lyo-dir,302.6
Milan-Düsseldorf,663.865216022727,Mil-Düs-dir,300.1
Milan-Warsaw,1145.2801136529565,Mil-War-dir,298.7
Milan-Rotterdam,796.7366592550419,Mil-Rot-dir,295.7
Milan-Prague,646.6169900843106,Mil-Pra-dir,295.4
Milan-Lille,734.4278962937816,Mil-Lil-dir,295.3
Milan-Turin,128.38204607920792,Mil-Tur-dir,289.5
Milan-Utrecht,795.5180770349162,Mil-Utr-dir,285.7
Milan-Budapest,790.6849873995264,Mil-Bud-dir,283.2
Milan-Toulouse,649.3295863987323,Mil-Tou-dir,272.8
Milan-Bordeaux,773.1091975727567,Mil-Bor-dir,272.8
Milan-Bucharest,1335.6706534110087,Mil-Buc-dir,272.8
Milan-Malmö,1156.6488197728,Mil-Mal-dir,267.8
Milan-Nantes,852.3288698786176,Mil-Nan-dir,264.9
Milan-The Hague,818.9727226728108,Mil-The-dir,263.7
Milan-Bremen,846.6359279335376,Mil-Bre-dir,262.9
Milan-Bonn,604.5718777838972,Mil-Bon-dir,257.4
Milan-Dresden,705.8508865136579,Mil-Dre-dir,256.8
Milan-Bologna,200.1380159944091,Mil-Bol-dir,255.9
Milan-London,960.6079884731315,Mil-Lon-dir,1015.5
Milan-Valencia,1030.9188962880983,Mil-Val-dir,272.9
Milan-Naples,659.6098620291126,Mil-Nap-dir,274.1
Milan-Dublin,1418.9209176593965,Mil-Dub-dir,373.0
Milan-Athens,1463.4197674956804,Mil-Ath-dir,295.7
Milan-Barcelona,728.4930580356229,Mil-Bar-dir,385.2
Milan-Gothenburg,1374.650554242832,Mil-Got-dir,293.0
Milan-Nuremburg,465.07706023012645,Mil-Nur-dir,279.7
Milan-Braunschweig,761.7085922125365,Mil-Bra-dir,272.6
Milan-Hanover,768.5435786967479,Mil-Han-dir,270.8
Milan-Antwerp,731.1181092386795,Mil-Ant-dir,267.4
Milan-Brescia,79.210112792546,Mil-Bre-dir,257.1
Munich-Berlin,505.50408228776473,Mun-Ber-dir,388.2
Munich-Amsterdam,667.2720291385815,Mun-Ams-dir,377.6
Munich-Dortmund,480.2986117164943,Mun-Dor-dir,363.3
Munich-Rome,696.4707994825344,Mun-Rom-dir,360.2
Munich-Hamburg,613.0362439202288,Mun-Ham-dir,357.6
Munich-Stuttgart,189.73207682289683,Mun-Stu-dir,350.6
Munich-Frankfurt,304.36346757951213,Mun-Fra-dir,347.1
Munich-Stockholm,1319.4043558725568,Mun-Sto-dir,342.7
Munich-Brussels,604.3814446654563,Mun-Bru-dir,342.6
Munich-Vienna,356.45054653181603,Mun-Vie-dir,327.1
Munich-Lisbon,1967.026584336106,Mun-Lis-dir,305.7
Munich-Marseille,722.3172337681403,Mun-Mar-dir,296.1
Munich-Cologne,457.0839855377161,Mun-Col-dir,292.8
Munich-Helsinki,1593.1476662627695,Mun-Hel-dir,284.4
Munich-Lyon,576.3132745077842,Mun-Lyo-dir,283.7
Munich-Düsseldorf,487.3258797286122,Mun-Düs-dir,281.2
Munich-Warsaw,813.242898158172,Mun-War-dir,279.8
Munich-Rotterdam,659.9190489017926,Mun-Rot-dir,276.8
Munich-Prague,302.8540215079665,Mun-Pra-dir,276.5
Munich-Lille,676.8744853192946,Mun-Lil-dir,276.4
Munich-Turin,452.8612368165137,Mun-Tur-dir,270.6
Munich-Utrecht,638.1860482263417,Mun-Utr-dir,266.8
Munich-Budapest,566.4040810476864,Mun-Bud-dir,264.3
Munich-Toulouse,931.1289647879352,Mun-Tou-dir,253.9
Munich-Bordeaux,1001.5793256911518,Mun-Bor-dir,253.9
Munich-Bucharest,1190.1650699757015,Mun-Buc-dir,253.9
Munich-Malmö,835.1113958392963,Mun-Mal-dir,248.9
Munich-Nantes,992.5871002096154,Mun-Nan-dir,246.0
Munich-The Hague,681.9243870231578,Mun-The-dir,244.8
Munich-Bremen,584.2726440278074,Mun-Bre-dir,244.0
Munich-Bonn,434.74433303358006,Mun-Bon-dir,238.5
Munich-Dresden,360.66520127131315,Mun-Dre-dir,237.9
Munich-Bologna,404.0628436820592,Mun-Bol-dir,237.0
Munich-London,920.0386748715288,Mun-Lon-dir,996.6
Munich-Valencia,1357.6589452549897,Mun-Val-dir,254.0
Munich-Naples,837.3538438583154,Mun-Nap-dir,255.2
Munich-Dublin,1381.6359917640243,Mun-Dub-dir,354.1
Munich-Athens,1496.7968603377235,Mun-Ath-dir,276.8
Munich-Barcelona,1055.5781835855119,Mun-Bar-dir,366.3
Munich-Gothenburg,1066.1027167757488,Mun-Got-dir,274.1
Munich-Nuremburg,152.49898462517802,Mun-Nur-dir,260.8
Munich-Braunschweig,466.05229352964324,Mun-Bra-dir,253.7
Munich-Hanover,489.6727471286462,Mun-Han-dir,251.9
Munich-Antwerp,620.6838101270687,Mun-Ant-dir,248.5
Munich-Brescia,306.10027322703843,Mun-Bre-dir,238.2
Berlin-Amsterdam,577.0085813772483,Ber-Ams-dir,376.0
Berlin-Dortmund,422.9276559565951,Ber-Dor-dir,361.7
Berlin-Rome,1183.3475090566692,Ber-Rom-dir,358.6
Berlin-Hamburg,255.21876855727714,Ber-Ham-dir,356.0
Berlin-Stuttgart,511.3297289557934,Ber-Stu-dir,349.0
Berlin-Frankfurt,425.56689197776467,Ber-Fra-dir,345.5
Berlin-Stockholm,814.5045168029692,Ber-Sto-dir,341.1
Berlin-Brussels,654.2432279686858,Ber-Bru-dir,341.0
Berlin-Vienna,524.8847671476992,Ber-Vie-dir,325.5
Berlin-Lisbon,2315.454518326916,Ber-Lis-dir,304.1
Berlin-Marseille,1187.3189281823034,Ber-Mar-dir,294.5
Berlin-Cologne,479.4439181324858,Ber-Col-dir,291.2
Berlin-Helsinki,1107.9778488106122,Ber-Hel-dir,282.8
Berlin-Lyon,975.79794444945,Ber-Lyo-dir,282.1
Berlin-Düsseldorf,478.2212620328392,Ber-Düs-dir,279.6
Berlin-Warsaw,517.9674462482383,Ber-War-dir,278.2
Berlin-Rotterdam,612.9365256902888,Ber-Rot-dir,275.2
Berlin-Prague,281.25460793294064,Ber-Pra-dir,274.9
Berlin-Lille,744.3061079670813,Ber-Lil-dir,274.8
Berlin-Turin,928.7854512608244,Ber-Tur-dir,269.0
Berlin-Utrecht,566.3094209117409,Ber-Utr-dir,265.2
Berlin-Budapest,690.808050498271,Ber-Bud-dir,262.7
Berlin-Toulouse,1328.087959237399,Ber-Tou-dir,252.3
Berlin-Bordeaux,1333.8267941017355,Ber-Bor-dir,252.3
Berlin-Bucharest,1296.6216634805232,Ber-Buc-dir,252.3
Berlin-Malmö,341.3910463904973,Ber-Mal-dir,247.3
Berlin-Nantes,1225.713609216784,Ber-Nan-dir,244.4
Berlin-The Hague,624.3123744949262,Ber-The-dir,243.2
Berlin-Bremen,316.2709285921669,Ber-Bre-dir,242.4
Berlin-Bonn,481.23943478072687,Ber-Bon-dir,236.9
Berlin-Dresden,165.7516070902878,Ber-Dre-dir,236.3
Berlin-Bologna,904.9778410356453,Ber-Bol-dir,235.4
Berlin-London,933.4516918747356,Ber-Lon-dir,995.0
Berlin-Valencia,1794.8064087002435,Ber-Val-dir,252.4
Berlin-Naples,1299.1645442057409,Ber-Nap-dir,253.6
Berlin-Dublin,1321.212860087512,Ber-Dub-dir,352.5
Berlin-Athens,1803.6628893413517,Ber-Ath-dir,275.2
Berlin-Barcelona,1501.0369048925954,Ber-Bar-dir,364.7
Berlin-Gothenburg,584.3171393107413,Ber-Got-dir,272.5
Berlin-Nuremburg,378.149353505261,Ber-Nur-dir,259.2
Berlin-Braunschweig,198.30625063805624,Ber-Bra-dir,252.1
Berlin-Hanover,249.64216340785353,Ber-Han-dir,250.3
Berlin-Antwerp,635.9783575116969,Ber-Ant-dir,246.9
Berlin-Brescia,810.515616210814,Ber-Bre-dir,236.6
Amsterdam-Dortmund,196.86546510684744,Ams-Dor-dir,351.1
Amsterdam-Rome,1294.6009270853822,Ams-Rom-dir,348.0
Amsterdam-Hamburg,366.7318252779286,Ams-Ham-dir,345.4
Amsterdam-Stuttgart,499.87494702934237,Ams-Stu-dir,338.4
Amsterdam-Frankfurt,362.90987516783673,Ams-Fra-dir,334.9
Amsterdam-Stockholm,1131.6300553848139,Ams-Sto-dir,330.5
Amsterdam-Brussels,173.51476561305705,Ams-Bru-dir,330.4
Amsterdam-Vienna,936.1554147942668,Ams-Vie-dir,314.9
Amsterdam-Lisbon,1863.7345901834042,Ams-Lis-dir,293.5
Amsterdam-Marseille,1007.9288119715281,Ams-Mar-dir,283.9
Amsterdam-Cologne,211.57859210067437,Ams-Col-dir,280.6
Amsterdam-Helsinki,1506.1678883392688,Ams-Hel-dir,272.2
Amsterdam-Lyon,731.7897779636543,Ams-Lyo-dir,271.5
Amsterdam-Düsseldorf,180.03851340413271,Ams-Düs-dir,269.0
Amsterdam-Warsaw,1094.9218044055763,Ams-War-dir,267.6
Amsterdam-Rotterdam,56.41890237102964,Ams-Rot-dir,264.6
Amsterdam-Prague,712.5813811678398,Ams-Pra-dir,264.3
Amsterdam-Lille,228.10050186563672,Ams-Lil-dir,264.2
Amsterdam-Turin,834.3268444279448,Ams-Tur-dir,258.4
Amsterdam-Utrecht,31.312318764326992,Ams-Utr-dir,254.6
Amsterdam-Budapest,1148.6645325670718,Ams-Bud-dir,252.1
Amsterdam-Toulouse,1004.2791340529335,Ams-Tou-dir,241.7
Amsterdam-Bordeaux,927.14220230198,Ams-Bor-dir,241.7
Amsterdam-Bucharest,1789.2358717064328,Ams-Buc-dir,241.7
Amsterdam-Malmö,642.2015249560458,Ams-Mal-dir,236.7
Amsterdam-Nantes,738.6428228562844,Ams-Nan-dir,233.8
Amsterdam-The Hague,53.45034692533427,Ams-The-dir,232.6
Amsterdam-Bremen,274.7348136621013,Ams-Bre-dir,231.8
Amsterdam-Bonn,235.60466844029665,Ams-Bon-dir,226.3
Amsterdam-Dresden,627.3305059246655,Ams-Dre-dir,225.7
Amsterdam-Bologna,993.2500055805614,Ams-Bol-dir,224.8
Amsterdam-London,358.5441397904004,Ams-Lon-dir,984.4
Amsterdam-Valencia,1488.8103436268968,Ams-Val-dir,241.8
Amsterdam-Naples,1464.0122463320838,Ams-Nap-dir,243.0
Amsterdam-Dublin,760.5689556945553,Ams-Dub-dir,341.9
Amsterdam-Athens,2163.515322168338,Ams-Ath-dir,264.6
Amsterdam-Barcelona,1236.3909345314346,Ams-Bar-dir,354.1
Amsterdam-Gothenburg,747.1365141958837,Ams-Got-dir,261.9
Amsterdam-Nuremburg,538.5701903023585,Ams-Nur-dir,248.6
Amsterdam-Braunschweig,382.0977184646345,Ams-Bra-dir,241.5
Amsterdam-Hanover,328.35472517726924,Ams-Han-dir,239.7
Amsterdam-Antwerp,130.86503367036022,Ams-Ant-dir,236.3
Amsterdam-Brescia,850.4244100098748,Ams-Bre-dir,226.0
Dortmund-Rome,1137.0637150770444,Dor-Rom-dir,333.7
Dortmund-Hamburg,283.70894814856723,Dor-Ham-dir,331.1
Dortmund-Stuttgart,330.4396124465852,Dor-Stu-dir,324.1
Dortmund-Frankfurt,180.9893523047205,Dor-Fra-dir,320.6
Dortmund-Stockholm,1098.344475522083,Dor-Sto-dir,316.2
Dortmund-Brussels,231.33059561238238,Dor-Bru-dir,316.1
Dortmund-Vienna,739.3975399242432,Dor-Vie-dir,300.6
Dortmund-Lisbon,1922.3436587637289,Dor-Lis-dir,279.2
Dortmund-Marseille,929.1067374632067,Dor-Mar-dir,269.6
Dortmund-Cologne,75.20391295003874,Dor-Col-dir,266.3
Dortmund-Helsinki,1449.9143292439321,Dor-Hel-dir,257.9
Dortmund-Lyon,668.6991953308395,Dor-Lyo-dir,257.2
Dortmund-Düsseldorf,57.99137422918559,Dor-Düs-dir,254.7
Dortmund-Warsaw,934.7848828241972,Dor-War-dir,253.3
Dortmund-Rotterdam,209.91808773120994,Dor-Rot-dir,250.3
Dortmund-Prague,519.6205565289815,Dor-Pra-dir,250.0
Dortmund-Lille,321.4415834765493,Dor-Lil-dir,249.9
Dortmund-Turin,718.2445769700787,Dor-Tur-dir,244.1
Dortmund-Utrecht,172.74601184889966,Dor-Utr-dir,240.3
Dortmund-Budapest,952.4675951704177,Dor-Bud-dir,237.8
Dortmund-Toulouse,987.6074471579657,Dor-Tou-dir,227.4
Dortmund-Bordeaux,952.4075107159646,Dor-Bor-dir,227.4
Dortmund-Bucharest,1593.4435255378985,Dor-Buc-dir,227.4
Dortmund-Malmö,583.0762804200181,Dor-Mal-dir,222.4
Dortmund-Nantes,812.5957483994545,Dor-Nan-dir,219.5
Dortmund-The Hague,227.7051444241162,Dor-The-dir,218.3
Dortmund-Bremen,195.51065917377426,Dor-Bre-dir,217.5
Dortmund-Bonn,93.70956932562359,Dor-Bon-dir,212.0
Dortmund-Dresden,442.5729058112658,Dor-Dre-dir,211.4
Dortmund-Bologna,833.4454926313821,Dor-Bol-dir,210.5
Dortmund-London,525.0755323377658,Dor-Lon-dir,970.1
Dortmund-Valencia,1471.6089619343902,Dor-Val-dir,227.5
Dortmund-Naples,1298.0145995657126,Dor-Nap-dir,228.7
Dortmund-Dublin,952.8695853814469,Dor-Dub-dir,327.6
Dortmund-Athens,1972.5445505198093,Dor-Ath-dir,250.3
Dortmund-Barcelona,1197.504556779261,Dor-Bar-dir,339.8
Dortmund-Gothenburg,746.9304900000842,Dor-Got-dir,247.6
Dortmund-Nuremburg,344.38093600541157,Dor-Nur-dir,234.3
Dortmund-Braunschweig,226.4217924060985,Dor-Bra-dir,227.2
Dortmund-Hanover,183.0443611008574,Dor-Han-dir,225.4
Dortmund-Antwerp,214.9812323688783,Dor-Ant-dir,222.0
Dortmund-Brescia,696.3136918470427,Dor-Bre-dir,211.7
Rome-Hamburg,1308.8636493769668,Rom-Ham-dir,328.0
Rome-Stuttgart,806.7398941418504,Rom-Stu-dir,321.0
Rome-Frankfurt,957.8299324890863,Rom-Fra-dir,317.5
Rome-Stockholm,1980.1731729298174,Rom-Sto-dir,313.1
Rome-Brussels,1173.2365012235457,Rom-Bru-dir,313.0
Rome-Vienna,764.2094696794074,Rom-Vie-dir,297.5
Rome-Lisbon,1866.7033208698376,Rom-Lis-dir,276.1
Rome-Marseille,603.3934618588149,Rom-Mar-dir,266.5
Rome-Cologne,1089.831318547415,Rom-Col-dir,263.2
Rome-Helsinki,2204.4886323251985,Rom-Hel-dir,254.8
Rome-Lyon,750.5662026886802,Rom-Lyo-dir,254.1
Rome-Düsseldorf,1123.890157967704,Rom-Düs-dir,251.6
Rome-Warsaw,1318.2845538649813,Rom-War-dir,250.2
Rome-Rotterdam,1268.4705456822307,Rom-Rot-dir,247.2
Rome-Prague,922.8173141416701,Rom-Pra-dir,246.9
Rome-Lille,1211.2711958593395,Rom-Lil-dir,246.8
Rome-Turin,525.1835979136633,Rom-Tur-dir,241.0
Rome-Utrecht,1263.3175880274796,Rom-Utr-dir,237.2
Rome-Budapest,812.6809307134923,Rom-Bud-dir,234.7
Rome-Toulouse,922.4964087472014,Rom-Tou-dir,224.3
Rome-Bordeaux,1108.1045687761618,Rom-Bor-dir,224.3
Rome-Bucharest,1141.1271535612389,Rom-Buc-dir,224.3
Rome-Malmö,1522.404713126948,Rom-Mal-dir,219.3
Rome-Nantes,1261.7181759303112,Rom-Nan-dir,216.4
Rome-The Hague,1290.9550330543177,Rom-The-dir,215.2
Rome-Bremen,1273.3575511172478,Rom-Bre-dir,214.4
Rome-Bonn,1064.578376895683,Rom-Bon-dir,208.9
Rome-Dresden,1021.9604957220464,Rom-Dre-dir,208.3
Rome-Bologna,303.6377867291772,Rom-Bol-dir,207.4
Rome-London,1434.7768161166782,Rom-Lon-dir,967.0
Rome-Valencia,1118.6790143857463,Rom-Val-dir,224.4
Rome-Naples,191.6933213040504,Rom-Nap-dir,225.6
Rome-Dublin,1888.6002194397674,Rom-Dub-dir,324.5
Rome-Athens,1053.760630631831,Rom-Ath-dir,247.2
Rome-Barcelona,861.6992184288006,Rom-Bar-dir,336.7
Rome-Gothenburg,1758.92718127328,Rom-Got-dir,244.5
Rome-Nuremburg,847.798439696044,Rom-Nur-dir,231.2
Rome-Braunschweig,1162.2158028384742,Rom-Bra-dir,224.1
Rome-Hanover,1182.9018650163657,Rom-Han-dir,222.3
Rome-Antwerp,1205.592634468455,Rom-Ant-dir,218.9
Rome-Brescia,444.17664241453684,Rom-Bre-dir,208.6
Hamburg-Stuttgart,533.8074285196008,Ham-Stu-dir,318.4
Hamburg-Frankfurt,394.74635938585163,Ham-Fra-dir,314.9
Hamburg-Stockholm,815.1943221377064,Ham-Sto-dir,310.5
Hamburg-Brussels,491.2099840884218,Ham-Bru-dir,310.4
Hamburg-Vienna,744.3697873744826,Ham-Vie-dir,294.9
Hamburg-Lisbon,2200.4346976564225,Ham-Lis-dir,273.5
Hamburg-Marseille,1190.4968772530212,Ham-Mar-dir,263.9
Hamburg-Cologne,358.2521971688957,Ham-Col-dir,260.6
Hamburg-Helsinki,1167.6056201918514,Ham-Hel-dir,252.2
Hamburg-Lyon,941.7652370354924,Ham-Lyo-dir,251.5
Hamburg-Düsseldorf,339.5162661722241,Ham-Düs-dir,249.0
Hamburg-Warsaw,753.3793747636751,Ham-War-dir,247.6
Hamburg-Rotterdam,414.4794481714808,Ham-Rot-dir,244.6
Hamburg-Prague,493.3692374774275,Ham-Pra-dir,244.3
Hamburg-Lille,573.1567697957425,Ham-Lil-dir,244.2
Hamburg-Turin,958.0251914011686,Ham-Tur-dir,238.4
Hamburg-Utrecht,366.2434061730368,Ham-Utr-dir,234.6
Hamburg-Budapest,930.1427062812348,Ham-Bud-dir,232.1
Hamburg-Toulouse,1269.6283751660696,Ham-Tou-dir,221.7
Hamburg-Bordeaux,1235.1451321831462,Ham-Bor-dir,221.7
Hamburg-Bucharest,1547.9974028030629,Ham-Buc-dir,221.7
Hamburg-Malmö,299.39837612495415,Ham-Mal-dir,216.7
Hamburg-Nantes,1082.5198874609805,Ham-Nan-dir,213.8
Hamburg-The Hague,419.3472480168757,Ham-The-dir,212.6
Hamburg-Bremen,95.57053925798962,Ham-Bre-dir,211.8
Hamburg-Bonn,372.9996186976074,Ham-Bon-dir,206.3
Hamburg-Dresden,378.0736758091856,Ham-Dre-dir,205.7
Hamburg-Bologna,1011.3456152704736,Ham-Bol-dir,204.8
Hamburg-London,722.3949268664867,Ham-Lon-dir,964.4
Hamburg-Valencia,1752.292537055113,Ham-Val-dir,221.8
Hamburg-Naples,1448.3132631273381,Ham-Nap-dir,223.0
Hamburg-Dublin,1078.40396695569,Ham-Dub-dir,321.9
Hamburg-Athens,2025.4518108194495,Ham-Ath-dir,244.6
Hamburg-Barcelona,1473.6455934853993,Ham-Bar-dir,334.1
Hamburg-Gothenburg,479.20607831919017,Ham-Got-dir,241.9
Hamburg-Nuremburg,461.0939567805685,Ham-Nur-dir,228.6
Hamburg-Braunschweig,147.2276439346807,Ham-Bra-dir,221.5
Hamburg-Hanover,132.28061199095598,Ham-Han-dir,219.7
Hamburg-Antwerp,460.7821418002683,Ham-Ant-dir,216.3
Hamburg-Brescia,891.0521914350003,Ham-Bre-dir,206.0
Stuttgart-Frankfurt,151.66356004102747,Stu-Fra-dir,307.9
Stuttgart-Stockholm,1310.3870221367467,Stu-Sto-dir,303.5
Stuttgart-Brussels,418.28414541762015,Stu-Bru-dir,303.4
Stuttgart-Vienna,533.2586402876324,Stu-Vie-dir,287.9
Stuttgart-Lisbon,1844.3310238918427,Stu-Lis-dir,266.5
Stuttgart-Marseille,677.9202688651804,Stu-Mar-dir,256.9
Stuttgart-Cologne,288.95732186521445,Stu-Col-dir,253.6
Stuttgart-Helsinki,1619.1104597880044,Stu-Hel-dir,245.2
Stuttgart-Lyon,470.23364789986476,Stu-Lyo-dir,244.5
Stuttgart-Düsseldorf,322.1149049682937,Stu-Düs-dir,242.0
Stuttgart-Warsaw,920.1810802209981,Stu-War-dir,240.6
Stuttgart-Rotterdam,484.6678037554027,Stu-Rot-dir,237.6
Stuttgart-Prague,408.38656945519494,Stu-Pra-dir,237.3
Stuttgart-Lille,487.92481166050123,Stu-Lil-dir,237.2
Stuttgart-Turin,428.347598046033,Stu-Tur-dir,231.4
Stuttgart-Utrecht,469.3353239779785,Stu-Utr-dir,227.6
Stuttgart-Budapest,748.4270406206019,Stu-Bud-dir,225.1
Stuttgart-Toulouse,827.8860169974276,Stu-Tou-dir,214.7
Stuttgart-Bordeaux,864.8701126037997,Stu-Bor-dir,214.7
Stuttgart-Bucharest,1378.1295112915568,Stu-Buc-dir,214.7
Stuttgart-Malmö,800.8217102833439,Stu-Mal-dir,209.7
Stuttgart-Nantes,823.2192183784676,Stu-Nan-dir,206.8
Stuttgart-The Hague,507.18475057747895,Stu-The-dir,205.6
Stuttgart-Bremen,479.1874284748426,Stu-Bre-dir,204.8
Stuttgart-Bonn,264.4050520763525,Stu-Bon-dir,199.3
Stuttgart-Dresden,412.83787316025297,Stu-Dre-dir,198.7
Stuttgart-Bologna,503.10218508362016,Stu-Bol-dir,197.8
Stuttgart-London,731.3090256313276,Stu-Lon-dir,957.4
Stuttgart-Valencia,1285.5451008411985,Stu-Val-dir,214.8
Stuttgart-Naples,968.4766154185918,Stu-Nap-dir,216.0
Stuttgart-Dublin,1194.1970932535648,Stu-Dub-dir,314.9
Stuttgart-Athens,1675.0858691888754,Stu-Ath-dir,237.6
Stuttgart-Barcelona,990.0843126322601,Stu-Bar-dir,327.1
Stuttgart-Gothenburg,1010.5915233663065,Stu-Got-dir,234.9
Stuttgart-Nuremburg,155.57822605275015,Stu-Nur-dir,221.6
Stuttgart-Braunschweig,398.9177880076359,Stu-Bra-dir,214.5
Stuttgart-Hanover,401.58316233317765,Stu-Han-dir,212.7
Stuttgart-Antwerp,437.9522090302938,Stu-Ant-dir,209.3
Stuttgart-Brescia,368.1031802089196,Stu-Bre-dir,199.0
Frankfurt-Stockholm,1192.9363961482752,Fra-Sto-dir,300.0
Frankfurt-Brussels,318.9984081352308,Fra-Bru-dir,299.9
Frankfurt-Vienna,599.0184158984765,Fra-Vie-dir,284.4
Frankfurt-Lisbon,1891.8128918674274,Fra-Lis-dir,263.0
Frankfurt-Marseille,797.6311443399737,Fra-Mar-dir,253.4
Frankfurt-Cologne,153.51101947180112,Fra-Col-dir,250.1
Frankfurt-Helsinki,1519.4492413788505,Fra-Hel-dir,241.7
Frankfurt-Lyon,560.3548975624507,Fra-Lyo-dir,241.0
Frankfurt-Düsseldorf,182.9880420566368,Fra-Düs-dir,238.5
Frankfurt-Warsaw,893.1618031173986,Fra-War-dir,237.1
Frankfurt-Rotterdam,357.4596134055096,Fra-Rot-dir,234.1
Frankfurt-Prague,414.1495797332237,Fra-Pra-dir,233.8
Frankfurt-Lille,402.7448411957546,Fra-Lil-dir,233.7
Frankfurt-Turin,564.0782568708806,Fra-Tur-dir,227.9
Frankfurt-Utrecht,333.89355599513937,Fra-Utr-dir,224.1
Frankfurt-Budapest,816.3951661237869,Fra-Bud-dir,221.6
Frankfurt-Toulouse,905.9080584113076,Fra-Tou-dir,211.2
Frankfurt-Bordeaux,909.266442992528,Fra-Bor-dir,211.2
Frankfurt-Bucharest,1456.4978870116272,Fra-Buc-dir,211.2
Frankfurt-Malmö,676.8729291463808,Fra-Mal-dir,206.2
Frankfurt-Nantes,820.829828253871,Fra-Nan-dir,203.3
Frankfurt-The Hague,379.0676929181476,Fra-The-dir,202.1
Frankfurt-Bremen,331.66909182120935,Fra-Bre-dir,201.3
Frankfurt-Bonn,132.72997306710502,Fra-Bon-dir,195.8
Frankfurt-Dresden,374.61905749978655,Fra-Dre-dir,195.2
Frankfurt-Bologna,654.2385907180718,Fra-Bol-dir,194.3
Frankfurt-London,638.9378473919916,Fra-Lon-dir,953.9
Frankfurt-Valencia,1379.4726439256747,Fra-Val-dir,211.3
Frankfurt-Naples,1117.2078869256788,Fra-Nap-dir,212.5
Frankfurt-Dublin,1091.43810611667,Fra-Dub-dir,311.4
Frankfurt-Athens,1800.884576266332,Fra-Ath-dir,234.1
Frankfurt-Barcelona,1091.9867428623847,Fra-Bar-dir,323.6
Frankfurt-Gothenburg,873.9481160770722,Fra-Got-dir,231.4
Frankfurt-Nuremburg,186.00619085996107,Fra-Nur-dir,218.1
Frankfurt-Braunschweig,273.26499366570357,Fra-Bra-dir,211.0
Frankfurt-Hanover,263.59527615789005,Fra-Han-dir,209.2
Frankfurt-Antwerp,326.70847329100076,Fra-Ant-dir,205.8
Frankfurt-Brescia,519.705310582124,Fra-Bre-dir,195.5
Stockholm-Brussels,1287.8663177660933,Sto-Bru-dir,295.5
Stockholm-Vienna,1246.2000152481296,Sto-Vie-dir,280.0
Stockholm-Lisbon,2995.36350558735,Sto-Lis-dir,258.6
Stockholm-Marseille,1986.912488830268,Sto-Mar-dir,249.0
Stockholm-Cologne,1173.2307104780687,Sto-Col-dir,245.7
Stockholm-Helsinki,394.8329300638056,Sto-Hel-dir,237.3
Stockholm-Lyon,1751.4851262248364,Sto-Lyo-dir,236.6
Stockholm-Düsseldorf,1152.87555288695,Sto-Düs-dir,234.1
Stockholm-Warsaw,811.0678916510534,Sto-War-dir,232.7
Stockholm-Rotterdam,1187.3656807621899,Sto-Rot-dir,229.7
Stockholm-Prague,1057.4323562664963,Sto-Pra-dir,229.4
Stockholm-Lille,1358.4682550657822,Sto-Lil-dir,229.3
Stockholm-Turin,1736.6998848623152,Sto-Tur-dir,223.5
Stockholm-Utrecht,1143.7148188083443,Sto-Utr-dir,219.7
Stockholm-Budapest,1320.4978641235068,Sto-Bud-dir,217.2
Stockholm-Toulouse,2084.6839828601305,Sto-Tou-dir,206.8
Stockholm-Bordeaux,2045.0955299267496,Sto-Bor-dir,206.8
Stockholm-Bucharest,1745.8160338533548,Sto-Buc-dir,206.8
Stockholm-Malmö,517.8522388890805,Sto-Mal-dir,201.8
Stockholm-Nantes,1870.2532296044908,Sto-Nan-dir,198.9
Stockholm-The Hague,1183.4596792997077,Sto-The-dir,197.7
Stockholm-Bremen,904.0752776585177,Sto-Bre-dir,196.9
Stockholm-Bonn,1188.166323776441,Sto-Bon-dir,191.4
Stockholm-Dresden,964.3231398071374,Sto-Dre-dir,190.8
Stockholm-Bologna,1714.4947321867307,Sto-Bol-dir,189.9
Stockholm-London,1438.4236441861513,Sto-Lon-dir,949.5
Stockholm-Valencia,2566.428302987323,Sto-Val-dir,206.9
Stockholm-Naples,2074.639388697625,Sto-Nap-dir,208.1
Stockholm-Dublin,1635.687715215282,Sto-Dub-dir,307.0
Stockholm-Athens,2410.141686032793,Sto-Ath-dir,229.7
Stockholm-Barcelona,2283.9542159825432,Sto-Bar-dir,319.2
Stockholm-Gothenburg,400.6273888730236,Sto-Got-dir,227.0
Stockholm-Nuremburg,1190.4616645346318,Sto-Nur-dir,213.7
Stockholm-Braunschweig,919.6952711451426,Sto-Bra-dir,206.6
Stockholm-Hanover,935.3264797102495,Sto-Han-dir,204.8
Stockholm-Antwerp,1251.052904518222,Sto-Ant-dir,201.4
Stockholm-Brescia,1624.923303262295,Sto-Bre-dir,191.1
Brussels-Vienna,917.9742357366614,Bru-Vie-dir,279.9
Brussels-Lisbon,1711.6666137067236,Bru-Lis-dir,258.5
Brussels-Marseille,842.3090229686412,Bru-Mar-dir,248.9
Brussels-Cologne,184.44873912977206,Bru-Col-dir,245.6
Brussels-Helsinki,1654.130979625959,Bru-Hel-dir,237.2
Brussels-Lyon,564.2212996362721,Bru-Lyo-dir,236.5
Brussels-Düsseldorf,177.0370303019014,Bru-Düs-dir,234.0
Brussels-Warsaw,1164.2804551704378,Bru-War-dir,232.6
Brussels-Rotterdam,121.3264009325353,Bru-Rot-dir,229.6
Brussels-Prague,723.7479868910689,Bru-Pra-dir,229.3
Brussels-Lille,90.78302511742446,Bru-Lil-dir,229.2
Brussels-Turin,687.3495622204935,Bru-Tur-dir,223.4
Brussels-Utrecht,151.04042550651192,Bru-Utr-dir,219.6
Brussels-Budapest,1135.3920932099725,Bru-Bud-dir,217.1
Brussels-Toulouse,830.9694354381143,Bru-Tou-dir,206.7
Brussels-Bordeaux,760.2860205770834,Bru-Bor-dir,206.7
Brussels-Bucharest,1775.2662279171332,Bru-Buc-dir,206.7
Brussels-Malmö,784.5955823651955,Bru-Mal-dir,201.7
Brussels-Nantes,591.3204705046201,Bru-Nan-dir,198.8
Brussels-The Hague,138.5555854371616,Bru-The-dir,197.6
Brussels-Bremen,395.7846069491461,Bru-Bre-dir,196.8
Brussels-Bonn,194.27770464664428,Bru-Bon-dir,191.3
Brussels-Dresden,661.9603918048633,Bru-Dre-dir,190.7
Brussels-Bologna,878.4390504635901,Bru-Bol-dir,189.8
Brussels-London,320.0483393946676,Bru-Lon-dir,949.4
Brussels-Valencia,1315.8329443858986,Bru-Val-dir,206.8
Brussels-Naples,1350.5933662806017,Bru-Nap-dir,208.0
Brussels-Dublin,777.4270912860969,Bru-Dub-dir,306.9
Brussels-Athens,2091.9000631634353,Bru-Ath-dir,229.6
Brussels-Barcelona,1063.1294487664627,Bru-Bar-dir,319.1
Brussels-Gothenburg,911.6174904744151,Bru-Got-dir,226.9
Brussels-Nuremburg,504.5525740205178,Bru-Nur-dir,213.6
Brussels-Braunschweig,457.45531614726093,Bru-Bra-dir,206.5
Brussels-Hanover,411.55654600023706,Bru-Han-dir,204.7
Brussels-Antwerp,43.030096917600126,Bru-Ant-dir,201.3
Brussels-Brescia,732.7427562098895,Bru-Bre-dir,191.0
Vienna-Lisbon,2302.4863004695203,Vie-Lis-dir,243.0
Vienna-Marseille,1013.1039621609305,Vie-Mar-dir,233.4
Vienna-Cologne,745.0758080737919,Vie-Col-dir,230.1
Vienna-Helsinki,1442.7249427344427,Vie-Hel-dir,221.7
Vienna-Lyon,917.2384789768894,Vie-Lyo-dir,221.0
Vienna-Düsseldorf,767.7031110857564,Vie-Düs-dir,218.5
Vienna-Warsaw,558.5513685060813,Vie-War-dir,217.1
Vienna-Rotterdam,944.8552480621445,Vie-Rot-dir,214.1
Vienna-Prague,251.17669373332063,Vie-Pra-dir,213.8
Vienna-Lille,1000.0817579795975,Vie-Lil-dir,213.7
Vienna-Turin,750.6828171034829,Vie-Tur-dir,207.9
Vienna-Utrecht,911.7886767557065,Vie-Utr-dir,204.1
Vienna-Budapest,217.68611965306766,Vie-Bud-dir,201.6
Vienna-Toulouse,1261.6085459818112,Vie-Tou-dir,191.2
Vienna-Bordeaux,1350.4189692880766,Vie-Bor-dir,191.2
Vienna-Bucharest,857.71599634613,Vie-Buc-dir,191.2
Vienna-Malmö,852.4516368673964,Vie-Mal-dir,186.2
Vienna-Nantes,1348.8739624442057,Vie-Nan-dir,183.3
Vienna-The Hague,964.6036460791813,Vie-The-dir,182.1
Vienna-Bremen,761.3182530406087,Vie-Bre-dir,181.3
Vienna-Bonn,728.3890361924878,Vie-Bon-dir,175.8
Vienna-Dresden,368.75989729089434,Vie-Dre-dir,175.2
Vienna-Bologna,564.4499067477509,Vie-Bol-dir,174.3
Vienna-London,1237.9558121051264,Vie-Lon-dir,933.9
Vienna-Valencia,1653.8522121367916,Vie-Val-dir,191.3
Vienna-Naples,832.7589196936128,Vie-Nap-dir,192.5
Vienna-Dublin,1687.215717937577,Vie-Dub-dir,291.4
Vienna-Athens,1282.3051014139635,Vie-Ath-dir,214.1
Vienna-Barcelona,1352.1224923514606,Vie-Bar-dir,303.6
Vienna-Gothenburg,1097.7601674770572,Vie-Got-dir,211.4
Vienna-Nuremburg,413.6254082677355,Vie-Nur-dir,198.1
Vienna-Braunschweig,614.8416073258052,Vie-Bra-dir,191.0
Vienna-Hanover,661.7206551709701,Vie-Han-dir,189.2
Vienna-Antwerp,924.4212170481173,Vie-Ant-dir,185.8
Vienna-Brescia,554.2751161995221,Vie-Bre-dir,175.5
Lisbon-Marseille,1320.3188951669977,Lis-Mar-dir,212.0
Lisbon-Cologne,1852.202767842204,Lis-Col-dir,208.7
Lisbon-Helsinki,3365.7919756540186,Lis-Hel-dir,200.3
Lisbon-Lyon,1390.71594549375,Lis-Lyo-dir,199.6
Lisbon-Düsseldorf,1864.587980734048,Lis-Düs-dir,197.1
Lisbon-Warsaw,2764.382808215416,Lis-War-dir,195.7
Lisbon-Rotterdam,1808.0376621021169,Lis-Rot-dir,192.7
Lisbon-Prague,2249.7437527457655,Lis-Pra-dir,192.4
Lisbon-Lille,1637.298348503411,Lis-Lil-dir,192.3
Lisbon-Turin,1559.1576209459156,Lis-Tur-dir,186.5
Lisbon-Utrecht,1852.1836049838566,Lis-Utr-dir,182.7
Lisbon-Budapest,2478.2192123237082,Lis-Bud-dir,180.2
Lisbon-Toulouse,1040.9869282929535,Lis-Tou-dir,169.8
Lisbon-Bordeaux,982.9545148244187,Lis-Bor-dir,169.8
Lisbon-Bucharest,2982.4697794552976,Lis-Buc-dir,169.8
Lisbon-Malmö,2496.1890440438106,Lis-Mal-dir,164.8
Lisbon-Nantes,1125.1666801659956,Lis-Nan-dir,161.9
Lisbon-The Hague,1812.0519053339628,Lis-The-dir,160.7
Lisbon-Bremen,2105.8096088571365,Lis-Bre-dir,159.9
Lisbon-Bonn,1844.015143897579,Lis-Bon-dir,154.4
Lisbon-Dresden,2252.994409248363,Lis-Dre-dir,153.8
Lisbon-Bologna,1818.0558498328842,Lis-Bol-dir,152.9
Lisbon-London,1585.7475299601897,Lis-Lon-dir,912.5
Lisbon-Valencia,762.994969731244,Lis-Val-dir,169.9
Lisbon-Naples,2016.5846336030631,Lis-Nap-dir,171.1
Lisbon-Dublin,1640.5202827891098,Lis-Dub-dir,270.0
Lisbon-Athens,2859.1502309669163,Lis-Ath-dir,192.7
Lisbon-Barcelona,1007.7337611666229,Lis-Bar-dir,282.2
Lisbon-Gothenburg,2606.9160003302186,Lis-Got-dir,190.0
Lisbon-Nuremburg,1999.9015311584274,Lis-Nur-dir,176.7
Lisbon-Braunschweig,2137.8441112640076,Lis-Bra-dir,169.6
Lisbon-Hanover,2103.0841188297272,Lis-Han-dir,167.8
Lisbon-Antwerp,1746.335155552634,Lis-Ant-dir,164.4
Lisbon-Brescia,1764.526084630902,Lis-Bre-dir,154.1
Marseille-Cologne,857.6786170642619,Mar-Col-dir,199.1
Marseille-Helsinki,2294.9944003015553,Mar-Hel-dir,190.7
Marseille-Lyon,278.96901763414417,Mar-Lyo-dir,190.0
Marseille-Düsseldorf,887.8143107153858,Mar-Düs-dir,187.5
Marseille-Warsaw,1531.7915738901283,Mar-War-dir,186.1
Marseille-Rotterdam,961.8404651412783,Mar-Rot-dir,183.1
Marseille-Prague,1025.13374514495,Mar-Pra-dir,182.8
Marseille-Lille,836.5287124672004,Mar-Lil-dir,182.7
Marseille-Turin,269.8126806073112,Mar-Tur-dir,176.9
Marseille-Utrecht,979.5398814783761,Mar-Utr-dir,173.1
Marseille-Budapest,1168.8190899159454,Mar-Bud-dir,170.6
Marseille-Toulouse,319.75096721130285,Mar-Tou-dir,160.2
Marseille-Bordeaux,508.546720075128,Mar-Bor-dir,160.2
Marseille-Bucharest,1666.4283983779471,Mar-Buc-dir,160.2
Marseille-Malmö,1473.4648000067596,Mar-Mal-dir,155.2
Marseille-Nantes,698.4084625181126,Mar-Nan-dir,152.3
Marseille-The Hague,980.5693075919571,Mar-The-dir,151.1
Marseille-Bremen,1117.4624379819584,Mar-Bre-dir,150.3
Marseille-Bonn,835.912619369743,Mar-Bon-dir,144.8
Marseille-Dresden,1069.6082108786445,Mar-Dre-dir,144.2
Marseille-Bologna,497.7370845263472,Mar-Bol-dir,143.3
Marseille-London,1002.5806398351996,Mar-Lon-dir,902.9
Marseille-Valencia,641.3385865028667,Mar-Val-dir,160.3
Marseille-Naples,786.7907275959083,Mar-Nap-dir,161.5
Marseille-Dublin,1409.0281381923808,Mar-Dub-dir,260.4
Marseille-Athens,1656.4816474286558,Mar-Ath-dir,183.1
Marseille-Barcelona,339.06050681743204,Mar-Bar-dir,272.6
Marseille-Gothenburg,1668.7705002566415,Mar-Got-dir,180.4
Marseille-Nuremburg,812.9719619886798,Mar-Nur-dir,167.1
Marseille-Braunschweig,1069.044175494016,Mar-Bra-dir,160.0
Marseille-Hanover,1060.797988124891,Mar-Han-dir,158.2
Marseille-Antwerp,884.3825229357765,Mar-Ant-dir,154.8
Marseille-Brescia,459.21930976780504,Mar-Bre-dir,144.5
Cologne-Helsinki,1523.09207545663,Col-Hel-dir,187.4
Cologne-Lyon,594.8326924113665,Col-Lyo-dir,186.7
Cologne-Düsseldorf,34.180695407128255,Col-Düs-dir,184.2
Cologne-Warsaw,983.0808573710268,Col-War-dir,182.8
Cologne-Rotterdam,204.05169309083507,Col-Rot-dir,179.8
Cologne-Prague,541.1617152828844,Col-Pra-dir,179.5
Cologne-Lille,274.6180352539183,Col-Lil-dir,179.4
Cologne-Turin,653.7346080945923,Col-Tur-dir,173.6
Cologne-Utrecht,181.6488633437471,Col-Utr-dir,169.8
Cologne-Budapest,961.2688062368974,Col-Bud-dir,167.3
Cologne-Toulouse,912.4299459741453,Col-Tou-dir,156.9
Cologne-Bordeaux,879.6042471035879,Col-Bor-dir,156.9
Cologne-Bucharest,1602.55563088362,Col-Buc-dir,156.9
Cologne-Malmö,657.4311491550102,Col-Mal-dir,151.9
Cologne-Nantes,747.9282358565115,Col-Nan-dir,149.0
Cologne-The Hague,225.56733867749298,Col-The-dir,147.8
Cologne-Bremen,270.71311129751115,Col-Bre-dir,147.0
Cologne-Bonn,25.298283462680732,Col-Bon-dir,141.5
Cologne-Dresden,477.5840756710169,Col-Dre-dir,140.9
Cologne-Bologna,787.0147047059613,Col-Bol-dir,140.0
Cologne-London,497.6370906836544,Col-Lon-dir,899.6
Cologne-Valencia,1396.4091511499246,Col-Val-dir,157.0
Cologne-Naples,1255.8823074698819,Col-Nap-dir,158.2
Cologne-Dublin,942.2531727454641,Col-Dub-dir,257.1
Cologne-Athens,1953.8766710835737,Col-Ath-dir,179.8
Cologne-Barcelona,1122.7656970436035,Col-Bar-dir,269.3
Cologne-Gothenburg,821.6548606310874,Col-Got-dir,177.1
Cologne-Nuremburg,336.16440587229846,Col-Nur-dir,163.8
Cologne-Braunschweig,288.38385365031223,Col-Bra-dir,156.7
Cologne-Hanover,250.88137087988412,Col-Han-dir,154.9
Cologne-Antwerp,181.23848441916468,Col-Ant-dir,151.5
Cologne-Brescia,646.3928244367414,Col-Bre-dir,141.2
Helsinki-Lyon,2078.8167373750925,Hel-Lyo-dir,178.3
Helsinki-Düsseldorf,1506.6497161962834,Hel-Düs-dir,175.8
Helsinki-Warsaw,915.2000736428832,Hel-War-dir,174.4
Helsinki-Rotterdam,1560.8124346642173,Hel-Rot-dir,171.4
Helsinki-Prague,1303.4538073242336,Hel-Pra-dir,171.1
Helsinki-Lille,1729.8296436907663,Hel-Lil-dir,171.0
Helsinki-Turin,2033.8922726215685,Hel-Tur-dir,165.2
Helsinki-Utrecht,1515.330156062622,Hel-Utr-dir,161.4
Helsinki-Budapest,1461.0199542937414,Hel-Bud-dir,158.9
Helsinki-Toulouse,2424.0561276814183,Hel-Tou-dir,148.5
Helsinki-Bordeaux,2402.3149364469755,Hel-Bor-dir,148.5
Helsinki-Bucharest,1753.3915174300234,Hel-Buc-dir,148.5
Helsinki-Malmö,869.8310273795186,Hel-Mal-dir,143.5
Helsinki-Nantes,2242.91503053274,Hel-Nan-dir,140.6
Helsinki-The Hague,1558.9899757327817,Hel-The-dir,139.4
Helsinki-Bremen,1261.16170178697,Hel-Bre-dir,138.6
Helsinki-Bonn,1535.0451696376476,Hel-Bon-dir,133.1
Helsinki-Dresden,1233.0079760682972,Hel-Dre-dir,132.5
Helsinki-Bologna,1966.2725819800041,Hel-Bol-dir,131.6
Helsinki-London,1825.3176490076034,Hel-Lon-dir,891.2
Helsinki-Valencia,2898.580646651401,Hel-Val-dir,148.6
Helsinki-Naples,2271.1891558602815,Hel-Nap-dir,149.8
Helsinki-Dublin,2030.0847193951886,Hel-Dub-dir,248.7
Helsinki-Athens,2469.6180774202553,Hel-Ath-dir,171.4
Helsinki-Barcelona,2607.6588722685824,Hel-Bar-dir,260.9
Helsinki-Gothenburg,793.4434708436165,Hel-Got-dir,168.7
Helsinki-Nuremburg,1482.9557346205188,Hel-Nur-dir,155.4
Helsinki-Braunschweig,1250.1425160383371,Hel-Bra-dir,148.3
Helsinki-Hanover,1275.5463312034447,Hel-Han-dir,146.5
Helsinki-Antwerp,1619.7527981070152,Hel-Ant-dir,143.1
Helsinki-Brescia,1897.0728786275806,Hel-Bre-dir,132.8
Lyon-Düsseldorf,622.7394139235207,Lyo-Düs-dir,175.1
Lyon-Warsaw,1380.5253020683565,Lyo-War-dir,173.7
Lyon-Rotterdam,684.396613679136,Lyo-Rot-dir,170.7
Lyon-Prague,864.117977185763,Lyo-Pra-dir,170.4
Lyon-Lille,557.9491371102192,Lyo-Lil-dir,170.3
Lyon-Turin,235.4610409719735,Lyo-Tur-dir,164.5
Lyon-Utrecht,704.0934039112614,Lyo-Utr-dir,160.7
Lyon-Budapest,1106.5365938921298,Lyo-Bud-dir,158.2
Lyon-Toulouse,358.91340483918333,Lyo-Tou-dir,147.8
Lyon-Bordeaux,437.4383721145582,Lyo-Bor-dir,147.8
Lyon-Bucharest,1675.630806120511,Lyo-Buc-dir,147.8
Lyon-Malmö,1233.9918184239546,Lyo-Mal-dir,142.8
Lyon-Nantes,517.8617097340265,Lyo-Nan-dir,139.9
Lyon-The Hague,702.6955697278187,Lyo-The-dir,138.7
Lyon-Bremen,862.0057554058185,Lyo-Bre-dir,137.9
Lyon-Bonn,575.0317194304903,Lyo-Bon-dir,132.4
Lyon-Dresden,882.4592288660302,Lyo-Dre-dir,131.8
Lyon-Bologna,531.1879837595121,Lyo-Bol-dir,130.9
Lyon-London,734.4503539378654,Lyo-Lon-dir,890.5
Lyon-Valencia,819.8217231097824,Lyo-Val-dir,147.9
Lyon-Naples,942.2390822399235,Lyo-Nap-dir,149.1
Lyon-Dublin,1161.296686481289,Lyo-Dub-dir,248.0
Lyon-Athens,1785.09160781519,Lyo-Ath-dir,170.7
Lyon-Barcelona,532.5061247728357,Lyo-Bar-dir,260.2
Lyon-Gothenburg,1415.0017661771574,Lyo-Got-dir,168.0
Lyon-Nuremburg,622.3980140462373,Lyo-Nur-dir,154.7
Lyon-Braunschweig,832.9483581925407,Lyo-Bra-dir,147.6
Lyon-Hanover,816.6271574987671,Lyo-Han-dir,145.8
Lyon-Antwerp,606.5737491884119,Lyo-Ant-dir,142.4
Lyon-Brescia,420.3123660737709,Lyo-Bre-dir,132.1
Düsseldorf-Warsaw,987.2590417432511,Düs-War-dir,171.2
Düsseldorf-Rotterdam,177.6529288045174,Düs-Rot-dir,168.2
Düsseldorf-Prague,557.6099732158697,Düs-Pra-dir,167.9
Düsseldorf-Lille,267.7649105985877,Düs-Lil-dir,167.8
Düsseldorf-Turin,686.7914051742167,Düs-Tur-dir,162.0
Düsseldorf-Utrecht,150.9207300701899,Düs-Utr-dir,158.2
Düsseldorf-Budapest,983.022246517487,Düs-Bud-dir,155.7
Düsseldorf-Toulouse,935.0910819580619,Düs-Tou-dir,145.3
Düsseldorf-Bordeaux,895.741189341683,Düs-Bor-dir,145.3
Düsseldorf-Bucharest,1624.4696337016853,Düs-Buc-dir,145.3
Düsseldorf-Malmö,638.8421079538623,Düs-Mal-dir,140.3
Düsseldorf-Nantes,754.7195385203343,Düs-Nan-dir,137.4
Düsseldorf-The Hague,198.29799793645196,Düs-The-dir,136.2
Düsseldorf-Bremen,248.84305547932897,Düs-Bre-dir,135.4
Düsseldorf-Bonn,59.473844713754964,Düs-Bon-dir,129.9
Düsseldorf-Dresden,488.04062413646164,Düs-Dre-dir,129.3
Düsseldorf-Bologna,820.9975400747363,Düs-Bol-dir,128.4
Düsseldorf-London,481.31765256106513,Düs-Lon-dir,888.0
Düsseldorf-Valencia,1419.9060075957634,Düs-Val-dir,145.4
Düsseldorf-Naples,1289.5936364503984,Düs-Nap-dir,146.6
Düsseldorf-Dublin,919.8157099507032,Düs-Dub-dir,245.5
Düsseldorf-Athens,1983.8464640298353,Düs-Ath-dir,168.2
Düsseldorf-Barcelona,1148.739214097016,Düs-Bar-dir,257.7
Düsseldorf-Gothenburg,796.3807798698164,Düs-Got-dir,165.5
Düsseldorf-Nuremburg,362.1460948128177,Düs-Nur-dir,152.2
Düsseldorf-Braunschweig,283.08662853082427,Düs-Bra-dir,145.1
Düsseldorf-Hanover,240.90490426703255,Düs-Han-dir,143.3
Düsseldorf-Antwerp,166.09932137610275,Düs-Ant-dir,139.9
Düsseldorf-Brescia,680.5241006142008,Düs-Bre-dir,129.6
Warsaw-Rotterdam,1130.5032903357644,War-Rot-dir,166.8
Warsaw-Prague,516.4122231271565,War-Pra-dir,166.5
Warsaw-Lille,1255.0239508262391,War-Lil-dir,166.4
Warsaw-Turin,1262.1670452706348,War-Tur-dir,160.6
Warsaw-Utrecht,1084.141079886672,War-Utr-dir,156.8
Warsaw-Budapest,545.9397458681193,War-Bud-dir,154.3
Warsaw-Toulouse,1738.9842338203,War-Tou-dir,143.9
Warsaw-Bordeaux,1784.5841953835102,War-Bor-dir,143.9
Warsaw-Bucharest,947.2518794955888,War-Buc-dir,143.9
Warsaw-Malmö,640.7466795981103,War-Mal-dir,138.9
Warsaw-Nantes,1713.9014603108383,War-Nan-dir,136.0
Warsaw-The Hague,1142.2134946746253,War-The-dir,134.8
Warsaw-Bremen,829.3522910944467,War-Bre-dir,134.0
Warsaw-Bonn,980.0690000719727,War-Bon-dir,128.5
Warsaw-Dresden,518.9132994717497,War-Dre-dir,127.9
Warsaw-Bologna,1118.227471919117,War-Bol-dir,127.0
Warsaw-London,1451.236755208056,War-Lon-dir,886.6
Warsaw-Valencia,2170.2261311820444,War-Val-dir,144.0
Warsaw-Naples,1365.6490542705067,War-Nap-dir,145.2
Warsaw-Dublin,1831.6739470827645,War-Dub-dir,244.1
Warsaw-Athens,1599.8521898452434,War-Ath-dir,166.8
Warsaw-Barcelona,1867.7419677054468,War-Bar-dir,256.3
Warsaw-Gothenburg,836.987097597324,War-Got-dir,164.1
Warsaw-Nuremburg,764.6122415642461,War-Nur-dir,150.8
Warsaw-Braunschweig,715.0512282176834,War-Bra-dir,143.7
Warsaw-Hanover,767.4216372660422,War-Han-dir,141.9
Warsaw-Antwerp,1149.638779925724,War-Ant-dir,138.5
Warsaw-Brescia,1085.2578160917242,War-Bre-dir,128.2
Rotterdam-Prague,729.4368544478392,Rot-Pra-dir,163.5
Rotterdam-Lille,171.75523004768053,Rot-Lil-dir,163.4
Rotterdam-Turin,797.1184273333988,Rot-Tur-dir,157.6
Rotterdam-Utrecht,48.34543023202839,Rot-Utr-dir,153.8
Rotterdam-Budapest,1159.586458284552,Rot-Bud-dir,151.3
Rotterdam-Toulouse,950.1537703604738,Rot-Tou-dir,140.9
Rotterdam-Bordeaux,870.8756506671706,Rot-Bor-dir,140.9
Rotterdam-Bucharest,1800.97543171133,Rot-Buc-dir,140.9
Rotterdam-Malmö,695.3058367137716,Rot-Mal-dir,135.9
Rotterdam-Nantes,683.0924448805656,Rot-Nan-dir,133.0
Rotterdam-The Hague,22.66557176975515,Rot-The-dir,131.8
Rotterdam-Bremen,320.4782513839578,Rot-Bre-dir,131.0
Rotterdam-Bonn,225.2976379133077,Rot-Bon-dir,125.5
Rotterdam-Dresden,650.8527514837523,Rot-Dre-dir,124.9
Rotterdam-Bologna,969.1122684827541,Rot-Bol-dir,124.0
Rotterdam-London,320.88227862864517,Rot-Lon-dir,883.6
Rotterdam-Valencia,1434.1878145877122,Rot-Val-dir,141.0
Rotterdam-Naples,1441.128303114319,Rot-Nap-dir,142.2
Rotterdam-Dublin,743.7751180691683,Rot-Dub-dir,241.1
Rotterdam-Athens,2156.4217721363066,Rot-Ath-dir,163.8
Rotterdam-Barcelona,1184.0180201242345,Rot-Bar-dir,253.3
Rotterdam-Gothenburg,803.5201394309695,Rot-Got-dir,161.1
Rotterdam-Nuremburg,539.4965847859244,Rot-Nur-dir,147.8
Rotterdam-Braunschweig,415.50151994878314,Rot-Bra-dir,140.7
Rotterdam-Hanover,363.30229752414965,Rot-Han-dir,138.9
Rotterdam-Antwerp,78.3313483125931,Rot-Ant-dir,135.5
Rotterdam-Brescia,824.8351361414093,Rot-Bre-dir,125.2
Prague-Lille,811.7089842466347,Pra-Lil-dir,163.1
Prague-Turin,755.712461303051,Pra-Tur-dir,157.3
Prague-Utrecht,691.3430632796072,Pra-Utr-dir,153.5
Prague-Budapest,444.40043340171894,Pra-Bud-dir,151.0
Prague-Toulouse,1222.5972040848205,Pra-Tou-dir,140.6
Prague-Bordeaux,1272.6320722933247,Pra-Bor-dir,140.6
Prague-Bucharest,1079.632781114391,Pra-Buc-dir,140.6
Prague-Malmö,619.354617210906,Pra-Mal-dir,135.6
Prague-Nantes,1222.704909864384,Pra-Nan-dir,132.7
Prague-The Hague,747.2662370562491,Pra-The-dir,131.5
Prague-Bremen,514.6561863702342,Pra-Bre-dir,130.7
Prague-Bonn,529.4702955912655,Pra-Bon-dir,125.2
Prague-Dresden,118.6364503847765,Pra-Dre-dir,124.6
Prague-Bologna,664.1931161790797,Pra-Bol-dir,123.7
Prague-London,1038.427131265793,Pra-Lon-dir,883.3
Prague-Valencia,1659.0787731878827,Pra-Val-dir,140.7
Prague-Naples,1026.1259948845002,Pra-Nap-dir,141.9
Prague-Dublin,1472.2002386059949,Pra-Dub-dir,240.8
Prague-Athens,1533.3023900380479,Pra-Ath-dir,163.5
Prague-Barcelona,1357.466605698961,Pra-Bar-dir,253.0
Prague-Gothenburg,864.0084594547777,Pra-Got-dir,160.8
Prague-Nuremburg,254.6884922272344,Pra-Nur-dir,147.5
Prague-Braunschweig,367.45893715382914,Pra-Bra-dir,140.4
Prague-Hanover,416.8903367297948,Pra-Han-dir,138.6
Prague-Antwerp,722.0606932869986,Pra-Ant-dir,135.2
Prague-Brescia,596.973112257497,Pra-Bre-dir,124.9
Lille-Turin,708.7672465096236,Lil-Tur-dir,157.2
Lille-Utrecht,214.88527747324179,Lil-Utr-dir,153.4
Lille-Budapest,1217.7487844316151,Lil-Bud-dir,150.9
Lille-Toulouse,791.2179743486964,Lil-Tou-dir,140.5
Lille-Bordeaux,701.0539833691934,Lil-Bor-dir,140.5
Lille-Bucharest,1856.1510095869662,Lil-Buc-dir,140.5
Lille-Malmö,861.9897946113955,Lil-Mal-dir,135.5
Lille-Nantes,513.090104329315,Lil-Nan-dir,132.6
Lille-The Hague,179.25688759385554,Lil-The-dir,131.4
Lille-Bremen,477.6199263068203,Lil-Bre-dir,130.6
Lille-Bonn,282.8873385997904,Lil-Bon-dir,125.1
Lille-Dresden,752.1853565330388,Lil-Dre-dir,124.5
Lille-Bologna,923.0719042673425,Lil-Bol-dir,123.6
Lille-London,243.43484003439278,Lil-Lon-dir,883.2
Lille-Valencia,1272.0805775321633,Lil-Val-dir,140.6
Lille-Naples,1392.922942971883,Lil-Nap-dir,141.8
Lille-Dublin,707.7648823592344,Lil-Dub-dir,240.7
Lille-Athens,2153.6066743771134,Lil-Ath-dir,163.4
Lille-Barcelona,1031.915251397776,Lil-Bar-dir,252.9
Lille-Gothenburg,975.231875967687,Lil-Got-dir,160.7
Lille-Nuremburg,586.5611814471732,Lil-Nur-dir,147.4
Lille-Braunschweig,547.0225193052208,Lil-Bra-dir,140.3
Lille-Hanover,500.0690587566228,Lil-Han-dir,138.5
Lille-Antwerp,112.48505409845325,Lil-Ant-dir,135.1
Lille-Brescia,777.2674307479374,Lil-Bre-dir,124.8
Turin-Utrecht,803.6789936024323,Tur-Utr-dir,147.6
Turin-Budapest,919.0639883301004,Tur-Bud-dir,145.1
Turin-Toulouse,521.3353880728225,Tur-Tou-dir,134.7
Turin-Bordeaux,652.2717370675288,Tur-Bor-dir,134.7
Turin-Bucharest,1457.9118717734052,Tur-Buc-dir,134.7
Turin-Malmö,1229.1043159632907,Tur-Mal-dir,129.7
Turin-Nantes,753.2217540120198,Tur-Nan-dir,126.8
Turin-The Hague,818.3744919875836,Tur-The-dir,125.6
Turin-Bremen,894.3415417310631,Tur-Bre-dir,124.8
Turin-Bonn,629.5361218692724,Tur-Bon-dir,119.3
Turin-Dresden,803.9273542394627,Tur-Dre-dir,118.7
Turin-Bologna,297.4397605593793,Tur-Bol-dir,117.8
Turin-London,918.8321157335745,Tur-Lon-dir,877.4
Turin-Valencia,909.1014076447519,Tur-Val-dir,134.8
Turin-Naples,715.7771712700629,Tur-Nap-dir,136.0
Turin-Dublin,1366.1374677265094,Tur-Dub-dir,234.9
Turin-Athens,1550.292977136563,Tur-Ath-dir,157.6
Turin-Barcelona,606.3461801036003,Tur-Bar-dir,247.1
Turin-Gothenburg,1436.7426103837374,Tur-Got-dir,154.9
Turin-Nuremburg,551.2410069021864,Tur-Nur-dir,141.6
Turin-Braunschweig,826.9141797015371,Tur-Bra-dir,134.5
Turin-Hanover,826.0010075664123,Tur-Han-dir,132.7
Turin-Antwerp,725.2366477826607,Tur-Ant-dir,129.3
Turin-Brescia,206.18869986694276,Tur-Bre-dir,119.0
Utrecht-Budapest,1125.1902307649252,Utr-Bud-dir,141.3
Utrecht-Toulouse,981.5864525434497,Utr-Tou-dir,130.9
Utrecht-Bordeaux,909.4476131572959,Utr-Bor-dir,130.9
Utrecht-Bucharest,1766.1891503051938,Utr-Buc-dir,130.9
Utrecht-Malmö,648.6660766692729,Utr-Mal-dir,125.9
Utrecht-Nantes,727.7758623148558,Utr-Nan-dir,123.0
Utrecht-The Hague,58.30774101017365,Utr-The-dir,121.8
Utrecht-Bremen,272.1400078737995,Utr-Bre-dir,121.0
Utrecht-Bonn,205.3265572108724,Utr-Bon-dir,115.5
Utrecht-Dresden,609.201347782835,Utr-Dre-dir,114.9
Utrecht-Bologna,962.02973234788,Utr-Bol-dir,114.0
Utrecht-London,367.1436352696507,Utr-Lon-dir,873.6
Utrecht-Valencia,1466.696028485632,Utr-Val-dir,131.0
Utrecht-Naples,1432.886910398875,Utr-Nap-dir,132.2
Utrecht-Dublin,780.8697904295996,Utr-Dub-dir,231.1
Utrecht-Athens,2134.766541462462,Utr-Ath-dir,153.8
Utrecht-Barcelona,1211.7079179549266,Utr-Bar-dir,243.3
Utrecht-Gothenburg,762.8170129314565,Utr-Got-dir,151.1
Utrecht-Nuremburg,511.42834592824755,Utr-Nur-dir,137.8
Utrecht-Braunschweig,369.4903233145223,Utr-Bra-dir,130.7
Utrecht-Hanover,316.72131650517366,Utr-Han-dir,128.9
Utrecht-Antwerp,109.8685915542363,Utr-Ant-dir,125.5
Utrecht-Brescia,819.1418971063208,Utr-Bre-dir,115.2
Budapest-Toulouse,1438.9506147659163,Bud-Tou-dir,128.4
Budapest-Bordeaux,1543.3668096233894,Bud-Bor-dir,128.4
Budapest-Bucharest,641.4479099948738,Bud-Buc-dir,128.4
Budapest-Malmö,991.306256400782,Bud-Mal-dir,123.4
Budapest-Nantes,1557.4284346610993,Bud-Nan-dir,120.5
Budapest-The Hague,1178.932307509578,Bud-The-dir,119.3
Budapest-Bremen,958.4709505590135,Bud-Bre-dir,118.5
Budapest-Bonn,945.1108185655391,Bud-Bon-dir,113.0
Budapest-Dresden,553.082625188916,Bud-Dre-dir,112.4
Budapest-Bologna,685.7580488844796,Bud-Bol-dir,111.5
Budapest-London,1455.2929615662176,Bud-Lon-dir,871.1
Budapest-Valencia,1802.2219010460446,Bud-Val-dir,128.5
Budapest-Naples,831.2419360824931,Bud-Nap-dir,129.7
Budapest-Dublin,1902.8377249618995,Bud-Dub-dir,228.6
Budapest-Athens,1123.1610430561775,Bud-Ath-dir,151.3
Budapest-Barcelona,1504.5609440978956,Bud-Bar-dir,240.8
Budapest-Gothenburg,1232.0340016693021,Bud-Got-dir,148.6
Budapest-Nuremburg,631.239030135076,Bud-Nur-dir,135.3
Budapest-Braunschweig,811.2809845310652,Bud-Bra-dir,128.2
Budapest-Hanover,861.2609977892402,Bud-Han-dir,126.4
Budapest-Antwerp,1141.1981842060636,Bud-Ant-dir,123.0
Budapest-Brescia,714.1392079031174,Bud-Bre-dir,112.7
Toulouse-Bordeaux,212.98688626775316,Tou-Bor-dir,118.0
Toulouse-Bucharest,1970.7195703786801,Tou-Buc-dir,118.0
Toulouse-Malmö,1567.3647935742613,Tou-Mal-dir,113.0
Toulouse-Nantes,464.24644188839056,Tou-Nan-dir,110.1
Toulouse-The Hague,963.6601659266173,Tou-The-dir,108.9
Toulouse-Bremen,1183.0300937241593,Tou-Bre-dir,108.1
Toulouse-Bonn,896.649435282391,Tou-Bon-dir,102.6
Toulouse-Dresden,1240.628201896613,Tou-Dre-dir,102.0
Toulouse-Bologna,798.0733142155703,Tou-Bol-dir,101.1
Toulouse-London,884.8220101386262,Tou-Lon-dir,860.7
Toulouse-Valencia,485.88445057543345,Tou-Val-dir,118.1
Toulouse-Naples,1103.6340535866534,Tou-Nap-dir,119.3
Toulouse-Dublin,1221.2090687947928,Tou-Dub-dir,218.2
Toulouse-Athens,1974.4071738706907,Tou-Ath-dir,140.9
Toulouse-Barcelona,254.60234714858214,Tou-Bar-dir,230.4
Toulouse-Gothenburg,1730.1047647824112,Tou-Got-dir,138.2
Toulouse-Nuremburg,981.0118627990684,Tou-Nur-dir,124.9
Toulouse-Braunschweig,1173.9985179996058,Tou-Bra-dir,117.8
Toulouse-Hanover,1151.3701328085226,Tou-Han-dir,116.0
Toulouse-Antwerp,873.4171466338014,Tou-Ant-dir,112.6
Toulouse-Brescia,727.5225798340698,Tou-Bre-dir,102.3
Bordeaux-Bucharest,2108.758660619137,Bor-Buc-dir,118.0
Bordeaux-Malmö,1534.2151505611332,Bor-Mal-dir,113.0
Bordeaux-Nantes,273.178702256759,Bor-Nan-dir,110.1
Bordeaux-The Hague,880.163206172814,Bor-The-dir,108.9
Bordeaux-Bremen,1142.8298892048813,Bor-Bre-dir,108.1
Bordeaux-Bonn,868.9395426395267,Bor-Bon-dir,102.6
Bordeaux-Dresden,1270.754277601906,Bor-Dre-dir,102.0
Bordeaux-Bologna,946.4321220508783,Bor-Bol-dir,101.1
Bordeaux-London,741.1686608762376,Bor-Lon-dir,860.7
Bordeaux-Valencia,598.4596801564987,Bor-Val-dir,118.1
Bordeaux-Naples,1294.2068109711402,Bor-Nap-dir,119.3
Bordeaux-Dublin,1030.98634701856,Bor-Dub-dir,218.2
Bordeaux-Athens,2161.7824907438912,Bor-Ath-dir,140.9
Bordeaux-Barcelona,444.932690573959,Bor-Bar-dir,230.4
Bordeaux-Gothenburg,1671.856253210374,Bor-Got-dir,138.2
Bordeaux-Nuremburg,1020.2440290518825,Bor-Nur-dir,124.9
Bordeaux-Braunschweig,1160.632601618765,Bor-Bra-dir,117.8
Bordeaux-Hanover,1129.2438830632213,Bor-Han-dir,116.0
Bordeaux-Antwerp,799.7179825925849,Bor-Ant-dir,112.6
Bordeaux-Brescia,852.1123930646379,Bor-Bre-dir,102.3
Bucharest-Malmö,1548.4636557320443,Buc-Mal-dir,113.0
Bucharest-Nantes,2161.996686873292,Buc-Nan-dir,110.1
Bucharest-The Hague,1820.227857261216,Buc-The-dir,108.9
Bucharest-Bremen,1587.3669166526504,Buc-Bre-dir,108.1
Bucharest-Bonn,1586.0908645048219,Buc-Bon-dir,102.6
Bucharest-Dresden,1179.9193130757233,Buc-Dre-dir,102.0
Bucharest-Bologna,1172.7643739976652,Buc-Bol-dir,101.1
Bucharest-London,2095.313765398241,Buc-Lon-dir,860.7
Bucharest-Valencia,2252.4574133954475,Buc-Val-dir,118.1
Bucharest-Naples,1044.5120620926964,Buc-Nap-dir,119.3
Bucharest-Dublin,2544.2845481696854,Buc-Dub-dir,218.2
Bucharest-Athens,743.4679994007557,Buc-Ath-dir,140.9
Bucharest-Barcelona,1976.8535092056356,Buc-Bar-dir,230.4
Bucharest-Gothenburg,1769.9686106681274,Buc-Got-dir,138.2
Bucharest-Nuremburg,1270.7152792419051,Buc-Nur-dir,124.9
Bucharest-Braunschweig,1441.3361064710882,Buc-Bra-dir,117.8
Bucharest-Hanover,1493.3269544073953,Buc-Han-dir,116.0
Bucharest-Antwerp,1782.1355106459648,Buc-Ant-dir,112.6
Bucharest-Brescia,1256.765326316663,Buc-Bre-dir,102.3
Malmö-Nantes,1374.6207827904032,Mal-Nan-dir,105.1
Malmö-The Hague,695.5822185572565,Mal-The-dir,103.9
Malmö-Bremen,391.6367423548302,Mal-Bre-dir,103.1
Malmö-Bonn,671.4265928981782,Mal-Bon-dir,97.6
Malmö-Dresden,506.7760151978646,Mal-Dre-dir,97.0
Malmö-Bologna,1238.5994646174695,Mal-Bol-dir,96.1
Malmö-London,980.4368682618787,Mal-Lon-dir,855.7
Malmö-Valencia,2048.618814505649,Mal-Val-dir,113.1
Malmö-Naples,1640.5457762396384,Mal-Nap-dir,114.3
Malmö-Dublin,1271.4403657346236,Mal-Dub-dir,213.2
Malmö-Athens,2114.334987974571,Mal-Ath-dir,135.9
Malmö-Barcelona,1766.4979366632824,Mal-Bar-dir,225.4
Malmö-Gothenburg,245.42778041668083,Mal-Got-dir,133.2
Malmö-Nuremburg,694.2184474248398,Mal-Nur-dir,119.9
Malmö-Braunschweig,404.4207334143514,Mal-Bra-dir,112.8
Malmö-Hanover,417.52761813088983,Mal-Han-dir,111.0
Malmö-Antwerp,750.9972370901387,Mal-Ant-dir,107.6
Malmö-Brescia,1134.542590131794,Mal-Bre-dir,97.3
Nantes-The Hague,686.885280365184,Nan-The-dir,101.0
Nantes-Bremen,987.1039455300216,Nan-Bre-dir,100.2
Nantes-Bonn,744.5359352399184,Nan-Bon-dir,94.7
Nantes-Dresden,1195.4254827709635,Nan-Dre-dir,94.1
Nantes-Bologna,1046.9802538331096,Nan-Bol-dir,93.2
Nantes-London,489.9543311154323,Nan-Lon-dir,852.8
Nantes-Valencia,865.9149466016919,Nan-Val-dir,110.2
Nantes-Naples,1453.0101652039634,Nan-Nap-dir,111.4
Nantes-Dublin,759.5452713500576,Nan-Dub-dir,210.3
Nantes-Athens,2302.7095032769125,Nan-Ath-dir,133.0
Nantes-Barcelona,712.1875123599641,Nan-Bar-dir,222.5
Nantes-Gothenburg,1482.5178525430056,Nan-Got-dir,130.3
Nantes-Nuremburg,969.5108793775299,Nan-Nur-dir,117.0
Nantes-Braunschweig,1036.17213696404,Nan-Bra-dir,109.9
Nantes-Hanover,995.6201613880418,Nan-Han-dir,108.1
Nantes-Antwerp,623.6296463600179,Nan-Ant-dir,104.7
Nantes-Brescia,925.7907826603995,Nan-Bre-dir,94.4
The Hague-Bremen,326.54800049959033,The-Bre-dir,99.0
The Hague-Bonn,247.20016814338118,The-Bon-dir,93.5
The Hague-Dresden,666.7733512719002,The-Dre-dir,92.9
The Hague-Bologna,991.7042265990513,The-Bol-dir,92.0
The Hague-London,309.26136516007927,The-Lon-dir,851.6
The Hague-Valencia,1446.9636163666664,The-Val-dir,109.0
The Hague-Naples,1463.7459672033158,The-Nap-dir,110.2
The Hague-Dublin,725.1939073473059,The-Dub-dir,209.1
The Hague-Athens,2178.54151661344,The-Ath-dir,131.8
The Hague-Barcelona,1199.1548709886583,The-Bar-dir,221.3
The Hague-Gothenburg,797.1038762540188,The-Got-dir,129.1
The Hague-Nuremburg,560.4148087594867,The-Nur-dir,115.8
The Hague-Braunschweig,427.72365118842566,The-Bra-dir,108.7
The Hague-Hanover,374.8063099459352,The-Han-dir,106.9
The Hague-Antwerp,96.18792093038238,The-Ant-dir,103.5
The Hague-Brescia,847.3766889519122,The-Bre-dir,93.2
Bremen-Bonn,287.9732901629279,Bre-Bon-dir,92.7
Bremen-Dresden,407.6022890313664,Bre-Dre-dir,92.1
Bremen-Bologna,972.0121336683342,Bre-Bol-dir,91.2
Bremen-London,632.5524553635615,Bre-Lon-dir,850.8
Bremen-Valencia,1667.1189209336953,Bre-Val-dir,108.2
Bremen-Naples,1421.2838432015412,Bre-Nap-dir,109.4
Bremen-Dublin,1005.0480279131558,Bre-Dub-dir,208.3
Bremen-Athens,2034.2787461784806,Bre-Ath-dir,131.0
Bremen-Barcelona,1392.1664332138062,Bre-Bar-dir,220.5
Bremen-Gothenburg,553.0502634069428,Bre-Got-dir,128.3
Bremen-Nuremburg,432.40866977835606,Bre-Nur-dir,115.0
Bremen-Braunschweig,147.21858441465653,Bre-Bra-dir,107.9
Bremen-Hanover,100.83987725488706,Bre-Han-dir,106.1
Bremen-Antwerp,365.2243425502828,Bre-Ant-dir,102.7
Bremen-Brescia,844.608430167104,Bre-Bre-dir,92.4
Bonn-Dresden,470.63805958985046,Bon-Dre-dir,86.6
Bonn-Bologna,761.8071864718238,Bon-Bol-dir,85.7
Bonn-London,511.4127085255521,Bon-Lon-dir,845.3
Bonn-Valencia,1379.8056889903505,Bon-Val-dir,102.7
Bonn-Naples,1230.8421118105236,Bon-Nap-dir,103.9
Bonn-Dublin,959.7893986013956,Bon-Dub-dir,202.8
Bonn-Athens,1931.4608211290795,Bon-Ath-dir,125.5
Bonn-Barcelona,1104.2830456575825,Bon-Bar-dir,215.0
Bonn-Gothenburg,840.322421795856,Bon-Got-dir,122.8
Bonn-Nuremburg,317.46169750946655,Bon-Nur-dir,109.5
Bonn-Braunschweig,294.15907972406933,Bon-Bra-dir,102.4
Bonn-Hanover,260.3070604462791,Bon-Han-dir,100.6
Bonn-Antwerp,196.0877098190496,Bon-Ant-dir,97.2
Bonn-Brescia,621.1053081471852,Bon-Bre-dir,86.9
Dresden-Bologna,750.1718486974457,Dre-Bol-dir,85.1
Dresden-London,967.5372618573347,Dre-Lon-dir,844.7
Dresden-Valencia,1692.9981052517753,Dre-Val-dir,102.1
Dresden-Naples,1134.1728108138327,Dre-Nap-dir,103.3
Dresden-Dublin,1387.4330645547307,Dre-Dub-dir,202.2
Dresden-Athens,1651.0489251884762,Dre-Ath-dir,124.9
Dresden-Barcelona,1394.219805066083,Dre-Bar-dir,214.4
Dresden-Gothenburg,750.068270775544,Dre-Got-dir,122.2
Dresden-Nuremburg,260.7195768741935,Dre-Nur-dir,108.9
Dresden-Braunschweig,261.4730263028679,Dre-Bra-dir,101.8
Dresden-Hanover,314.08184509225146,Dre-Han-dir,100.0
Dresden-Antwerp,654.1037959241702,Dre-Ant-dir,96.6
Dresden-Brescia,666.2035746864776,Dre-Bre-dir,86.3
Bologna-London,1154.4633289773008,Bol-Lon-dir,843.8
Bologna-Valencia,1118.749663760041,Bol-Val-dir,101.2
Bologna-Naples,472.3910671972542,Bol-Nap-dir,102.4
Bologna-Dublin,1615.339648997171,Bol-Dub-dir,201.3
Bologna-Athens,1263.4795815927012,Bol-Ath-dir,124.0
Bologna-Barcelona,824.8499099809693,Bol-Bar-dir,213.5
Bologna-Gothenburg,1470.0853700958512,Bol-Got-dir,121.3
Bologna-Nuremburg,551.8724761920244,Bol-Nur-dir,108.0
Bologna-Braunschweig,865.722482117029,Bol-Bra-dir,100.9
Bologna-Hanover,883.4730768582809,Bol-Han-dir,99.1
Bologna-Antwerp,908.8309613679318,Bol-Ant-dir,95.7
Bologna-Brescia,145.9236190838798,Bol-Bre-dir,85.4
London-Valencia,1338.6448621681493,Lon-Val-dir,860.8
London-Naples,1620.068282180865,Lon-Nap-dir,862.0
London-Dublin,465.41467940538854,Lon-Dub-dir,960.9
London-Athens,2394.6092291091877,Lon-Ath-dir,883.6
London-Barcelona,1138.2146421067691,Lon-Bar-dir,973.1
London-Gothenburg,1039.7312706005152,Lon-Got-dir,880.9
London-Nuremburg,824.5988552724501,Lon-Nur-dir,867.6
London-Braunschweig,736.339283146044,Lon-Bra-dir,860.5
London-Hanover,683.8437813307955,Lon-Han-dir,858.7
London-Antwerp,316.44077140221736,Lon-Ant-dir,855.3
London-Brescia,1009.56010886619,Lon-Bre-dir,845.0
Valencia-Naples,1258.6292125093007,Val-Nap-dir,119.4
Valencia-Dublin,1606.9967520413202,Val-Dub-dir,218.3
Valencia-Athens,2096.1598340677197,Val-Ath-dir,141.0
Valencia-Barcelona,302.75684215052536,Val-Bar-dir,230.5
Valencia-Gothenburg,2215.607120679913,Val-Got-dir,138.3
Valencia-Nuremburg,1432.5438725067686,Val-Nur-dir,125.0
Valencia-Braunschweig,1650.9737048804327,Val-Bra-dir,117.9
Valencia-Hanover,1631.4246459634383,Val-Han-dir,116.1
Valencia-Antwerp,1358.0390818963876,Val-Ant-dir,112.7
Valencia-Brescia,1099.5834660643545,Val-Bre-dir,102.4
Naples-Dublin,2076.3806375419904,Nap-Dub-dir,219.5
Naples-Athens,871.0816764739508,Nap-Ath-dir,142.2
Naples-Barcelona,1021.3911785575879,Nap-Bar-dir,231.7
Naples-Gothenburg,1881.9525300222854,Nap-Got-dir,139.5
Naples-Nuremburg,989.778224727362,Nap-Nur-dir,126.2
Naples-Braunschweig,1301.0986137664875,Nap-Bra-dir,119.1
Naples-Hanover,1326.9592605580958,Nap-Han-dir,117.3
Naples-Antwerp,1381.2181472326208,Nap-Ant-dir,113.9
Naples-Brescia,617.86102454799,Nap-Bre-dir,103.6
Dublin-Athens,2859.9603557927217,Dub-Ath-dir,241.1
Dublin-Barcelona,1471.5326669837657,Dub-Bar-dir,330.6
Dublin-Gothenburg,1244.9803294894136,Dub-Got-dir,238.4
Dublin-Nuremburg,1277.141874586514,Dub-Nur-dir,225.1
Dublin-Braunschweig,1135.474808428713,Dub-Bra-dir,218.0
Dublin-Hanover,1080.8961940747358,Dub-Han-dir,216.2
Dublin-Antwerp,764.805520285829,Dub-Ant-dir,212.8
Dublin-Brescia,1471.4226279642733,Dub-Bre-dir,202.5
Athens-Barcelona,1883.6580645112913,Ath-Bar-dir,253.3
Athens-Gothenburg,2355.062016624838,Ath-Got-dir,161.1
Athens-Nuremburg,1628.6819231653744,Ath-Nur-dir,147.8
Athens-Braunschweig,1890.7120389087897,Ath-Bra-dir,140.7
Athens-Hanover,1933.463140278483,Ath-Han-dir,138.9
Athens-Antwerp,2113.0353507025156,Ath-Ant-dir,135.5
Athens-Brescia,1399.6610292968273,Ath-Bre-dir,125.2
Barcelona-Gothenburg,1944.4083278655912,Bar-Got-dir,250.6
Barcelona-Nuremburg,1134.3685718424842,Bar-Nur-dir,237.3
Barcelona-Braunschweig,1365.0161950587728,Bar-Bra-dir,230.2
Barcelona-Hanover,1349.111964386721,Bar-Han-dir,228.4
Barcelona-Antwerp,1106.0918357774665,Bar-Ant-dir,225.0
Barcelona-Brescia,798.0481448172396,Bar-Bre-dir,214.7
Gothenburg-Nuremburg,919.9280234037637,Got-Nur-dir,145.1
Gothenburg-Braunschweig,612.9500582958669,Got-Bra-dir,138.0
Gothenburg-Hanover,610.8241205069213,Got-Han-dir,136.2
Gothenburg-Antwerp,872.2841074335134,Got-Ant-dir,132.8
Gothenburg-Brescia,1359.0997295361612,Got-Bre-dir,122.5
Nuremburg-Braunschweig,314.4685646231444,Nur-Bra-dir,124.7
Nuremburg-Hanover,337.19290112212946,Nur-Han-dir,122.9
Nuremburg-Antwerp,512.6020695235119,Nur-Ant-dir,119.5
Nuremburg-Brescia,440.43735149117435,Nur-Bre-dir,109.2
Braunschweig-Hanover,54.57896017345947,Bra-Han-dir,115.8
Braunschweig-Antwerp,437.9378308600195,Bra-Ant-dir,112.4
Braunschweig-Brescia,748.2164521997478,Bra-Bre-dir,102.1
Hanover-Antwerp,389.59237485414064,Han-Ant-dir,110.6
Hanover-Brescia,760.6141514805608,Han-Bre-dir,100.3
Antwerp-Brescia,763.5371551974024,Ant-Bre-dir,96.9
